P,ss,slope,UCL,LCL
0.000912749305934213,90,-0.0231119879578558,-0.00694504644276653,-0.0392725947264469
0.00283158137518247,90,-0.0236498695036496,-0.00444157937924465,-0.0428798542562256
0.012403029632065,90,-0.0209463736912107,0.000112084925360969,-0.0423069034594528
0.00242578969018958,90,-0.0363643950966138,-0.0118942344962481,-0.0607223969450245
2.92301405302453e-09,90,-0.0233809287307527,-0.00569331291100559,-0.0425933788578392
