P,ss,slope,UCL,LCL
8.225577352583e-08,90,-0.0215167098690703,-0.0115141009397891,-0.0315625498659551
