P,ss,slope,UCL,LCL
0.000912749305934213,95,-0.0231119879578558,-0.00951311966273272,-0.036744975299943
0.00283158137518247,95,-0.0236498695036496,-0.00748681138082489,-0.0398065054521417
0.012403029632065,95,-0.0209463736912107,-0.00328248663619872,-0.0387840543975368
0.00242578969018958,95,-0.0363643950966138,-0.015768637870677,-0.0567087156251971
2.92301405302453e-09,95,-0.0233809287307527,-0.00849996552177881,-0.0392952799248393
