P,ss,slope,UCL,LCL
8.225577352583e-08,95,-0.0215167098690703,-0.0131186538474723,-0.0299456144183224
